{
  "sophia_address": "RTCSOPHIA3ZNJDI5HC64CFC542",
  "proposals": {
    "1": {
      "id": 1,
      "title": "Enable Real Blockchain Writing",
      "description": "This proposal enables real blockchain transaction writing for all governance actions",
      "proposer": "RTCURGENT_BLOCKCHAIN_NEED",
      "created_block": 29149346,
      "yes_votes": 0,
      "no_votes": 0,
      "status": "Active",
      "sophia_endorsed": false,
      "creation_tx": "0xd89717d9c201074d0659ba130b8ad71d281661b5920647e93beb07a17b0d7849"
    },
    "2": {
      "id": 2,
      "title": "Deploy to Production Server",
      "description": "Deploy this real blockchain implementation to 50.28.86.131 production server",
      "proposer": "RTCPRODUCTION_DEPLOY",
      "created_block": 29149353,
      "yes_votes": 113,
      "no_votes": 0,
      "status": "Active",
      "sophia_endorsed": true,
      "creation_tx": "0xd9dcfffe1ef6e9376612e81de8d87250ae27d2beb7643cfe813ba376a0b986d2",
      "endorsement_tx": "0x2c913eddd8828b1020d47bc1d58da82aec139ddf6f4ad244459ca7ec48565654"
    },
    "3": {
      "id": 3,
      "title": "Ergo RustChain Bridge",
      "description": "Create a bridge between Ergo and RustChain for cross-chain interoperability",
      "proposer": "RTCSCOTT_BRIDGE_BUILDER",
      "created_block": 29149461,
      "yes_votes": 0,
      "no_votes": 0,
      "status": "Vetoed",
      "sophia_endorsed": false,
      "creation_tx": "0x5459dbd5eb8a1998666fa226bf062a55ddfa8d1c0c73bb021c7c5837ca932546",
      "veto_reason": "Against the best interests of the network",
      "veto_tx": "0x0ffbe3e1043444bf649367a17998cfa99b07102d458a48d6c5ef7dbaf5b6bb6f"
    }
  },
  "proposal_count": 3,
  "votes": {
    "2_RTCOLD_HARDWARE_USER": {
      "proposal_id": "2",
      "voter": "RTCOLD_HARDWARE_USER",
      "vote": true,
      "weight": 113,
      "antiquity_multiplier": 2.5,
      "rtc_balance": 2074,
      "tx_hash": "0x3d46d05d56cb84f2bc46e9bf6f308a5dfd508308f826b7a5859e91b09f70a6a0"
    }
  },
  "sophia_stats": {
    "total_proposals": 3,
    "endorsed_count": 1,
    "vetoed_count": 1,
    "veto_power_active": true
  },
  "transactions": [
    {
      "hash": "0xd89717d9c201074d0659ba130b8ad71d281661b5920647e93beb07a17b0d7849",
      "method": "createProposal",
      "params": {
        "proposal_id": 1,
        "title": "Enable Real Blockchain Writing",
        "description": "This proposal enables real blockchain transaction writing for all governance actions",
        "proposer": "RTCURGENT_BLOCKCHAIN_NEED"
      },
      "timestamp": "2025-06-03T09:26:21",
      "status": "confirmed",
      "block": 29149346,
      "confirmations": 1
    },
    {
      "hash": "0xd9dcfffe1ef6e9376612e81de8d87250ae27d2beb7643cfe813ba376a0b986d2",
      "method": "createProposal",
      "params": {
        "proposal_id": 2,
        "title": "Deploy to Production Server",
        "description": "Deploy this real blockchain implementation to 50.28.86.131 production server",
        "proposer": "RTCPRODUCTION_DEPLOY"
      },
      "timestamp": "2025-06-03T09:33:03",
      "status": "confirmed",
      "block": 29149353,
      "confirmations": 1
    }
  ]
}